Loan_Status,LoanAmount_log,TotalIncome_log,EMI,Balance_Income,Gender_Male,Married_Yes,Dependents_0,Dependents_1,Dependents_2,Education_Not Graduate,Self_Employed_Yes,Credit_History_1.0,Property_Area_Semiurban,Property_Area_Urban
1,0.609759678391703,0.34759045048050896,0.35555555555555557,0.08880545500005435,1,0,1,0,0,0,0,1,0,1
0,0.609759678391703,0.3576543426158245,0.35555555555555557,0.09176504799486894,1,1,0,1,0,0,0,1,0,0
1,0.4576242934009034,0.18185333020182481,0.18333333333333332,0.056069203926556434,1,1,1,0,0,0,1,1,0,1
1,0.594936375845833,0.3057122338338323,0.3333333333333333,0.07797263803280827,1,1,1,0,0,1,0,1,0,1
1,0.6319766813981349,0.3539176891221818,0.39166666666666666,0.0902105143006229,1,0,1,0,0,0,0,1,0,1
1,0.7786257215947077,0.47092562283337425,0.7416666666666667,0.13011610083814368,1,1,0,0,1,0,1,1,0,1
1,0.5412793729081586,0.24371410990974574,0.2638888888888889,0.06546706671449848,1,1,1,0,0,1,0,1,0,1
0,0.6581225045451897,0.33411712071647925,0.4388888888888889,0.08400732696300645,1,1,0,0,0,0,0,0,1,0
1,0.6722178144937696,0.33375839753652703,0.4666666666666667,0.08356977464696866,1,1,0,0,1,0,0,1,0,1
0,0.8401397631033354,0.69606295597507,0.9694444444444444,0.30094359108154234,1,1,0,1,0,0,0,1,1,0
1,0.471138866068768,0.24698169000088188,0.19444444444444445,0.06694006892128407,1,1,0,0,1,0,0,1,0,1
1,0.5728539124149514,0.2735176135082231,0.30277777777777776,0.07099626042244181,1,1,0,0,1,0,0,1,0,1
1,0.7122635571291653,0.5083896260390535,0.5555555555555556,0.15154393460087617,1,1,0,0,1,0,0,1,0,1
0,0.5831552564789935,0.2929291260304898,0.31666666666666665,0.07514349541793039,1,0,1,0,0,0,0,1,0,0
1,0.1460748362171096,0.12490463278944275,0.14166666666666666,0.04905749600495711,1,1,0,0,1,0,0,1,0,1
1,0.6043124316437296,0.30616398354418206,0.3472222222222222,0.07791284827533726,1,0,1,0,0,0,0,1,0,1
1,0.5530604922749984,0.22683620505041602,0.4166666666666667,0.06050451684440531,1,0,0,1,0,1,0,1,0,1
0,0.49002743353942746,0.2208273751733485,0.2111111111111111,0.06196664818619617,0,0,1,0,0,0,0,0,0,1
0,0.6185608115560952,0.3029843338841054,0.36944444444444446,0.07687060409396776,1,1,1,0,0,1,0,1,0,0
1,0.5851612209515864,0.3580208634888995,0.3194444444444444,0.09231674439335137,1,1,1,0,0,0,0,1,0,1
0,0.5620687634111867,0.41455005336606887,0.28888888888888886,0.11176879844329213,1,1,1,0,0,1,0,0,0,1
1,0.8165975768020668,0.5171380858174339,0.875,0.15254133646414242,1,1,0,1,0,0,0,1,0,1
0,0.5871498175484735,0.2831105875250668,0.32222222222222224,0.07284974290404286,1,1,1,0,0,1,0,0,1,0
0,0.5790899915542036,0.32227880465462566,0.3111111111111111,0.08241474524127884,1,1,0,0,1,1,0,0,0,0
0,0.6477144435680142,0.3791518258984905,0.41944444444444445,0.09772228201197969,1,1,0,1,0,0,0,1,1,0
1,0.7016881175501439,0.46955321762084856,0.5305555555555556,0.13204975594908086,1,1,1,0,0,0,1,1,1,0
1,0.598732850251755,0.3112271689736186,0.3388888888888889,0.07926219439280784,1,1,1,0,0,0,0,1,1,0
1,0.5749514746842359,0.32152571678896513,0.3055555555555556,0.0822870125775908,1,1,0,0,1,1,0,1,0,1
0,0.31193580121460085,0.0,0.09722222222222222,0.03806841035341182,1,0,1,0,0,1,0,1,0,1
1,0.594936375845833,0.34691046677210546,0.3333333333333333,0.08888155105501745,0,0,0,0,1,0,0,1,1,0
0,0.7134091030058771,0.4104657822698117,0.5583333333333333,0.10694485210188175,1,1,0,1,0,0,0,1,0,1
0,0.48390223128968535,0.19530091119541448,0.20555555555555555,0.057839796062572696,1,0,1,0,0,0,0,1,0,1
0,0.5664437808740357,0.29287622535957536,0.29444444444444445,0.07540303731967953,1,0,0,1,0,0,1,1,0,0
1,0.5831552564789935,0.3168144849298422,0.31666666666666665,0.0809403841763689,1,1,1,0,0,0,0,1,1,0
0,0.8202146826146011,0.5895140267943926,0.8888888888888888,0.2003119938253487,1,0,0,0,0,0,0,1,0,0
1,0.609759678391703,0.2736319818112498,0.35555555555555557,0.07037526225961799,1,1,1,0,0,0,0,1,0,1
0,0.5530604922749984,0.19459446721635376,0.2777777777777778,0.05684647077367946,1,1,1,0,0,0,0,0,0,1
1,0.6368122594166679,0.3148368795437724,0.4,0.07941982193523138,0,1,1,0,0,0,0,1,1,0
1,0.6931123464370221,0.512726031613276,0.5111111111111111,0.15449673330506908,1,0,1,0,0,0,0,1,0,1
1,0.5749514746842359,0.32849780204139445,0.3055555555555556,0.08412147104545109,1,0,1,0,0,1,0,1,1,0
0,0.501808552906267,0.2271121766156139,0.2222222222222222,0.06293143745447825,1,0,1,0,0,0,0,1,0,1
1,0.37964579360440187,0.18292669730418343,0.13055555555555556,0.056873647936166276,1,0,1,0,0,0,0,1,0,1
1,0.4869852503603972,0.12646097893657937,0.20833333333333334,0.048425626977138564,1,1,1,0,0,0,0,1,0,1
1,0.6202812800663111,0.36512126551615576,0.37222222222222223,0.09383594777636456,1,1,1,0,0,0,0,1,1,0
1,0.5436844364771019,0.2930348935639724,0.26666666666666666,0.07577944102012196,1,1,1,0,0,1,1,1,0,1
1,0.5236995353155047,0.213652413351755,0.24444444444444444,0.06033601843698703,0,0,1,0,0,0,0,1,0,1
1,0.3644964704613376,0.3389537680117207,0.12222222222222222,0.08921311243735663,1,1,0,1,0,0,0,1,0,1
1,0.6368122594166679,0.346399253828787,0.4,0.08791947950298405,1,1,1,0,0,0,0,1,0,1
0,0.594936375845833,0.3574096943726375,0.3333333333333333,0.09196344128102273,0,1,1,0,0,0,0,0,0,1
1,0.6368122594166679,0.3650421589516466,0.4,0.09347177379904119,0,0,1,0,0,0,0,1,1,0
1,0.5530604922749984,0.22517390153508843,0.2777777777777778,0.06190957614497385,0,1,1,0,0,1,0,1,1,0
1,0.594936375845833,0.18886935099716884,0.3333333333333333,0.05528650164693604,0,0,1,0,0,0,0,1,1,0
0,0.5790899915542036,0.26714480057865786,0.3111111111111111,0.06954907652001868,0,0,1,0,0,0,0,1,1,0
0,0.6202812800663111,0.288822425303086,0.37222222222222223,0.07352237767559164,1,1,0,0,1,0,0,1,0,1
0,0.7944147500433223,0.5154172026875428,0.7944444444444444,0.15254813075476414,0,1,0,1,0,0,1,0,0,1
1,0.546064576659101,0.24538530895367816,0.26944444444444443,0.0657170966093772,1,1,0,0,1,0,0,1,1,0
1,0.5436844364771019,0.23545191406656696,0.26666666666666666,0.06389215014838731,1,1,1,0,0,0,0,1,1,0
0,0.6219889568707979,0.3352794038285849,0.375,0.08510664318559827,1,1,1,0,0,0,0,1,0,0
1,0.688064198785399,0.48878273993985144,0.5,0.14184032873495744,1,1,0,1,0,0,0,1,0,1
1,0.6368122594166679,0.3626971014921374,0.4,0.09275022013501615,1,1,0,0,1,1,0,1,0,1
1,0.594936375845833,0.3658715232334082,0.3333333333333333,0.0945439128591462,1,1,1,0,0,0,0,1,0,1
1,0.5507521163404694,0.18424142475914906,0.275,0.055302807944428135,1,1,0,0,0,0,0,1,0,1
0,0.6680792976238015,0.35630578367950627,0.9166666666666666,0.08449923360401787,1,1,1,0,0,1,1,0,0,0
0,0.609759678391703,0.3059131129848536,0.35555555555555557,0.07774978530041635,1,1,0,1,0,0,0,0,0,0
0,0.5871498175484735,0.2633602752932671,0.32222222222222224,0.06863048842796421,0,0,1,0,0,0,0,0,1,0
0,0.7707501567191526,0.48856637000934966,0.7166666666666667,0.13908048788442096,1,1,1,0,0,0,0,1,1,0
0,0.6061425725791685,0.33023340857786176,0.7,0.0797622541825653,1,0,1,0,0,1,0,0,0,1
1,0.8143996512049196,0.4986758221116647,0.8666666666666667,0.1424925806346411,1,1,0,1,0,0,0,1,0,1
1,0.6043124316437296,0.3957046412160017,2.0833333333333335,0.0829745947885073,1,1,0,0,0,1,1,1,0,1
0,0.6236840307796105,0.2712191119260614,0.37777777777777777,0.06958984226374892,0,0,1,0,0,0,0,0,1,0
1,0.6776223337795866,0.36500259621392206,0.4777777777777778,0.09250834338888346,1,1,1,0,0,0,0,1,0,1
1,0.546064576659101,0.23724568146707115,0.26944444444444443,0.06418838121949363,1,1,0,0,1,1,1,1,1,0
1,0.5046617755874658,0.2201191396078268,0.27,0.06112415614910478,1,0,1,0,0,0,0,1,1,0
0,0.5412793729081586,0.2961871441427524,0.2638888888888889,0.07654719586037462,1,1,0,0,0,1,0,0,1,0
1,0.696826952557579,0.3935979547615813,0.5194444444444445,0.10136673950146213,1,1,0,0,0,0,1,1,1,0
0,0.5811316180829447,0.23724568146707115,0.23541666666666666,0.06460453152007306,1,0,1,0,0,0,0,1,0,1
0,0.6829026001696714,0.4403800880725972,0.4888888888888889,0.11959582123949603,1,0,1,0,0,0,0,1,0,1
0,0.5749514746842359,0.25462805076317996,0.3055555555555556,0.06707323701746948,1,1,0,1,0,0,1,1,0,1
0,0.688064198785399,0.3980361700430748,0.6,0.10193474219743665,1,1,0,0,0,0,0,0,1,0
1,0.6133207027799179,0.33227316037771426,0.3611111111111111,0.0844571090021633,1,1,0,0,0,1,1,1,1,0
1,0.577030054229251,0.243520553254849,0.30833333333333335,0.06488683429540487,0,0,1,0,0,0,0,1,1,0
1,0.609759678391703,0.12594328031864355,0.35555555555555557,0.046563991346791456,1,1,0,1,0,0,1,1,1,0
0,0.6708465777512718,0.2024093173925119,0.4638888888888889,0.05580558545043429,0,1,0,0,1,0,0,1,0,1
0,0.7768987850969338,0.4329694960507504,0.7361111111111112,0.11351493113307025,1,1,1,0,0,0,0,1,1,0
1,0.3938574274208313,0.25252066294820863,0.20833333333333334,0.06784642729021947,1,1,0,1,0,0,0,1,0,1
1,0.6236840307796105,0.3034917674159281,0.37777777777777777,0.07689098696583288,1,0,1,0,0,0,0,1,1,0
1,0.5507521163404694,0.32466413742478006,0.275,0.08348009001076215,1,1,0,0,1,1,0,1,1,0
1,0.5620687634111867,0.28892995677426225,0.28888888888888886,0.0745659807150855,1,1,1,0,0,0,0,1,1,0
1,0.7234697538625008,0.4423001260315551,0.5833333333333334,0.11924795355966473,1,0,1,0,0,0,0,1,0,1
1,0.6815938702916662,0.47727368253896807,0.4861111111111111,0.13628667558077595,1,1,1,0,0,0,0,1,1,0
1,0.6150807226730906,0.3479721243535907,0.3638888888888889,0.0888136081488004,1,1,1,0,0,0,0,1,1,0
1,0.6980519233127358,0.5239881706776892,1.0444444444444445,0.1544315081151007,1,1,0,0,1,0,0,1,1,0
1,0.5046617755874658,0.31323362490293305,0.225,0.08115644261813912,1,1,0,0,1,1,0,1,0,1
1,0.598732850251755,0.2613860990581902,0.3388888888888889,0.06802307884638381,1,0,1,0,0,0,0,1,1,0
1,0.2346543625666644,0.2284874510326047,0.20833333333333334,0.06334588918240225,1,0,1,0,0,1,0,1,1,0
0,0.609759678391703,0.3843297692373484,0.35555555555555557,0.10021578667014534,1,0,1,0,0,0,0,1,0,1
1,0.6253666864530569,0.2978002571071998,0.38055555555555554,0.07549951624650772,0,1,1,0,0,0,0,1,1,0
1,0.3938574274208313,0.17969257121904092,0.1388888888888889,0.05629477437519703,1,1,1,0,0,0,0,1,1,0
1,0.5851612209515864,0.26466772402825334,0.6388888888888888,0.065026796682212,1,1,1,0,0,1,0,1,1,0
1,0.6150807226730906,0.32312330653733334,0.3638888888888889,0.08198942264836012,1,1,1,0,0,0,0,1,1,0
1,0.6185608115560952,0.41099233454960227,0.7388888888888889,0.10493238321973279,1,1,0,0,1,1,0,1,0,1
1,0.6477144435680142,0.44469382694689785,0.41944444444444445,0.12226733631195033,1,0,1,0,0,0,0,1,1,0
1,0.609759678391703,0.5579630560062754,0.35555555555555557,0.1842095250519084,1,1,1,0,0,0,0,1,0,1
1,0.609759678391703,0.43251774634040063,0.35555555555555557,0.11798557436215198,1,1,1,0,0,0,0,1,1,0
1,0.6610116177604342,0.28633625728085943,0.4444444444444444,0.07207655263129287,1,1,1,0,0,0,0,1,0,1
1,0.5530604922749984,0.25830387899438567,0.2777777777777778,0.06814673493569884,1,1,0,1,0,0,0,1,0,1
1,0.7393161381541302,0.5369680206953908,0.625,0.16737599060757263,1,1,0,0,1,0,0,1,0,1
0,0.594936375845833,0.40372017588398257,0.3333333333333333,0.10722613573362032,1,0,1,0,0,1,0,1,0,0
0,0.7299400823562339,0.40597795817891513,0.6,0.10478426768417963,1,1,0,0,1,0,0,0,0,1
1,0.5388488584585689,0.16693334862547737,0.19583333333333333,0.05377613084173107,1,1,0,0,0,1,0,1,1,0
1,0.6236840307796105,0.3238715705472417,0.37777777777777777,0.08201524095272261,1,0,1,0,0,0,0,1,0,1
1,0.6286954617063276,0.3213370872986363,0.3861111111111111,0.08125292154496733,0,1,1,0,0,0,0,1,1,0
0,0.6492304983935946,0.41539120448115674,0.4222222222222222,0.11045614149517877,1,1,1,0,0,1,0,0,0,0
1,0.609759678391703,0.4076829081528295,0.35555555555555557,0.10839747143680221,0,0,0,1,0,0,1,1,1,0
1,0.591076092168169,0.31112887699160674,0.3277777777777778,0.0793736207590038,1,0,1,0,0,0,0,1,1,0
1,0.6943572355125833,0.5743756882603555,1.0277777777777777,0.18739876506973657,1,1,0,1,0,0,0,1,0,0
1,0.6522329133321723,0.3300512835533109,0.42777777777777776,0.08304253769472436,0,1,1,0,0,0,0,1,1,0
1,0.5157329052941748,0.22793825523928368,0.2361111111111111,0.06290833686636445,1,1,0,1,0,0,0,1,0,1
0,0.6815938702916662,0.41616512996330823,0.4861111111111111,0.10996831142854036,1,1,1,0,0,0,0,1,0,0
1,0.7716386741605199,0.4906500878323492,0.7194444444444444,0.1401105023426714,0,0,1,0,0,0,0,1,0,1
1,0.688064198785399,0.4354842133324339,0.5,0.11742980138929654,1,1,1,0,0,0,0,1,0,0
1,0.3644964704613376,0.2633602752932671,0.12222222222222222,0.07107643305177792,0,0,1,0,0,0,0,1,1,0
1,0.6253666864530569,0.5070090468943798,0.38055555555555554,0.15292589331333095,0,0,1,0,0,0,0,0,1,0
1,0.5046617755874658,0.17826952946845265,0.225,0.055033754035808624,1,1,0,0,1,0,0,1,1,0
1,0.7052676415132679,0.3665802081163141,0.5388888888888889,0.09225016034525867,1,1,1,0,0,1,0,1,0,0
1,0.5363923487090636,0.2333762908294561,0.25833333333333336,0.06361494309102175,0,0,1,0,0,0,0,1,0,0
1,0.8535603003667502,0.6960003911430166,1.0277777777777777,0.300156812227549,1,1,0,0,0,0,0,1,0,0
1,0.609759678391703,0.3325438653089343,0.35555555555555557,0.08459843024709475,1,0,1,0,0,0,0,1,0,0
0,0.6610116177604342,0.5706022439840319,0.8888888888888888,0.1864067986389677,1,1,0,1,0,0,1,0,0,1
0,0.6906021414278545,0.44469382694689785,0.5055555555555555,0.12121422126558609,1,1,1,0,0,0,0,1,0,0
1,0.9829787718569829,0.6548394191644265,1.3541666666666667,0.25168566350324495,1,0,1,0,0,0,1,1,0,1
1,0.48390223128968535,0.24970367700537266,0.20555555555555555,0.06733006120296992,1,0,1,0,0,0,0,1,0,1
1,0.471138866068768,0.15734843272066668,0.19444444444444445,0.052484536194544996,1,0,1,0,0,0,0,1,1,0
1,0.2346543625666644,0.21719406127643626,0.20833333333333334,0.06137690376023219,1,1,1,0,0,0,1,1,1,0
1,0.5576087888650094,0.3033903636574393,0.2833333333333333,0.07802155692528454,1,0,1,0,0,0,0,1,1,0
0,0.7976048217713718,0.5207558255917941,0.8055555555555556,0.1554696757220972,1,1,0,0,0,0,0,1,1,0
0,0.5130147496396025,0.2870413977452333,0.23333333333333334,0.07481736946808858,0,1,1,0,0,0,0,1,0,0
1,0.5236995353155047,0.3855711363645449,0.24444444444444444,0.10199045538053463,1,1,0,0,1,0,1,1,0,1
0,0.7560455219476401,0.5813578496629692,0.6722222222222223,0.19683467588516018,1,0,1,0,0,0,0,0,1,0
0,0.6115470918649857,0.33811743571088404,0.35833333333333334,0.08609317418386982,1,1,0,0,1,1,0,1,0,0
0,0.6943572355125833,0.3965771777815712,0.5138888888888888,0.10247420887280001,1,1,0,0,1,0,0,1,0,0
1,0.6722178144937696,0.32854363170963663,0.4666666666666667,0.08216335648827577,1,0,1,0,0,0,0,1,0,1
1,0.6815938702916662,0.3904040185257285,0.9722222222222222,0.09472871756405657,1,0,1,0,0,0,1,1,1,0
1,0.598732850251755,0.2949835079406944,0.3388888888888889,0.07534868299470589,1,1,1,0,0,0,0,1,1,0
1,0.696826952557579,0.5209036670715796,1.038888888888889,0.15270168172281468,1,1,0,0,1,0,0,1,0,1
1,0.5530604922749984,0.3855711363645449,0.2777777777777778,0.10158279794323234,0,1,1,0,0,0,0,1,1,0
1,0.471138866068768,0.5791468562521398,0.19444444444444445,0.20105121264499015,0,1,0,0,1,0,0,1,0,1
1,0.2765302461374992,0.17877271152721974,0.08333333333333333,0.05683967648305775,1,1,0,1,0,0,0,1,0,1
0,0.7393161381541302,0.5189748256924627,0.625,0.15665052343214947,0,0,1,0,0,0,0,1,0,0
1,0.6043124316437296,0.3407489415977827,0.3472222222222222,0.08696284338344801,1,1,1,0,0,0,0,1,1,0
0,0.591076092168169,0.36512126551615576,0.3277777777777778,0.09437949102610095,1,0,1,0,0,0,0,0,0,0
1,0.6492304983935946,0.36709078074552415,0.4222222222222222,0.09383594777636456,1,1,1,0,0,0,1,1,0,0
0,0.757935915105922,0.45910575666559006,0.6777777777777778,0.1254307580254161,1,0,1,0,0,0,0,1,0,1
0,0.5811316180829447,0.11383696807433341,0.3138888888888889,0.0456793747078455,1,1,0,0,1,1,0,1,0,0
1,0.3938574274208313,0.20202817744764068,0.1388888888888889,0.05971909684853624,1,0,1,0,0,0,0,1,0,1
1,0.9645944449228983,0.8248457134819562,3.3333333333333335,0.4700331017839089,1,1,0,0,0,0,0,0,1,0
1,0.6610116177604342,0.3539176891221818,0.4444444444444444,0.08956505669156095,1,1,0,1,0,0,0,1,0,0
1,0.696826952557579,0.46898130400090055,0.5194444444444445,0.13191658785289545,1,1,0,1,0,0,0,1,0,1
1,0.594936375845833,0.31176708028297173,0.3333333333333333,0.07946466425333464,1,0,1,0,0,0,0,1,0,0
1,0.7680637930879075,0.48583355338881096,0.7083333333333334,0.13780044353129178,1,1,1,0,0,0,0,1,1,0
1,0.5484203047167044,0.1737798902632246,0.2722222222222222,0.05380806400765309,1,1,1,0,0,1,0,1,1,0
0,0.785406478907134,0.4232431158934993,0.7638888888888888,0.10929839437324028,1,1,1,0,0,0,0,1,0,1
0,0.5968424570934732,0.2751708187281203,0.33611111111111114,0.07094326495559251,1,1,0,1,0,0,0,0,1,0
1,0.6581225045451897,0.3374109638079956,0.4388888888888889,0.08491232647381752,1,1,0,0,1,0,0,1,0,0
1,0.4869852503603972,0.46332167436315275,0.4166666666666667,0.1305441411473111,1,1,1,0,0,0,0,1,0,1
1,0.6906021414278545,0.38763842490636,0.5055555555555555,0.09949423300612029,1,1,1,0,0,0,0,1,0,0
0,0.5790899915542036,0.2870413977452333,0.3111111111111111,0.0738661687810499,0,1,1,0,0,0,0,1,0,0
1,0.6115470918649857,0.3443008054714036,0.35833333333333334,0.08782979486677756,1,1,1,0,0,0,0,1,0,0
0,0.4469395077250016,0.1090017547885489,0.13125,0.04737488993249192,1,0,1,0,0,0,0,0,1,0
1,0.7122635571291653,0.4253308503635045,0.5555555555555556,0.11266564480535715,1,1,0,0,1,0,0,1,1,0
1,0.5412793729081586,0.22635251532708378,0.2638888888888889,0.06228733870354064,1,1,1,0,0,1,0,1,0,0
1,1.0,0.8888463080365054,2.3333333333333335,0.6261332876757003,1,1,0,0,0,0,0,1,0,1
0,0.5046617755874658,0.22167459919481858,0.45,0.05919185989629194,1,1,0,0,0,1,0,1,0,0
1,0.696826952557579,0.5117859481360394,0.5194444444444445,0.15386894085162356,1,1,1,0,0,0,0,1,1,0
0,0.5210745756338726,0.3125991857164825,0.24166666666666667,0.08079362749894009,1,1,1,0,0,1,1,1,1,0
1,0.5871498175484735,0.33055180619939617,0.32222222222222224,0.08446797986715802,1,1,1,0,0,0,0,1,0,0
1,0.5553458989138274,0.23148649944984556,0.28055555555555556,0.06300073921881963,1,1,0,0,1,0,0,1,0,0
0,0.9204101854175346,0.6097430069713952,1.375,0.21046130515605127,1,1,0,0,0,0,0,0,1,0
1,0.5871498175484735,0.23724568146707115,0.32222222222222224,0.06354292361043168,1,1,0,1,0,0,0,1,1,0
0,0.5576087888650094,0.23948621632413825,0.2125,0.0653006065942667,1,0,1,0,0,1,0,0,0,1
0,0.688064198785399,0.5579630560062754,0.5,0.18244300949026515,1,1,0,1,0,0,0,0,0,1
0,0.4610782152121441,0.39143767003324537,0.18611111111111112,0.1046973007642218,1,0,1,0,0,0,0,1,0,0
1,0.48077726509582497,0.2879604925019399,0.40555555555555556,0.07291904466838425,1,1,1,0,0,0,0,1,1,0
0,0.7725237676340848,0.7833818869839055,0.7222222222222222,0.4267167813542924,1,1,0,1,0,0,0,1,1,0
1,0.570737017502067,0.22883008241526626,0.3,0.0622859798454163,0,1,1,0,0,0,0,1,1,0
1,0.594936375845833,0.8479295950804964,0.3333333333333333,0.5543937318592439,1,1,1,0,0,0,1,1,1,0
0,0.4576242934009034,0.10236672902190214,0.22,0.04556794834164954,1,1,0,1,0,0,1,0,0,0
1,0.4279467526943066,0.2836602697632433,0.16111111111111112,0.07494238441552795,1,1,1,0,0,0,0,1,0,0
1,0.6722178144937696,0.352673393798449,0.4666666666666667,0.0889263933731207,1,1,1,0,0,0,1,1,0,0
1,0.6980519233127358,0.46345476985576695,1.0444444444444445,0.12292774136038002,1,1,1,0,0,0,0,1,0,0
1,0.38448137162293505,0.3028827225861954,0.13333333333333333,0.07973371816195415,1,0,1,0,0,1,0,1,0,0
0,0.6666830533716532,0.525982048042539,0.45555555555555555,0.16280750959353835,1,0,1,0,0,0,0,1,1,0
0,0.6610116177604342,0.3552792484422149,0.4444444444444444,0.08996863755449021,1,1,1,0,0,1,0,1,0,1
1,0.49002743353942746,0.2442938759903226,0.2111111111111111,0.06622259183163204,1,0,1,0,0,0,0,1,1,0
1,0.594936375845833,0.26484548013848275,0.3333333333333333,0.06880034569350682,1,0,1,0,0,0,0,1,0,0
0,0.6749359701483417,0.3415329842134074,0.4722222222222222,0.08565426300970767,1,1,0,1,0,0,0,1,1,0
1,0.696826952557579,0.5276931058471199,0.5194444444444445,0.163041233190925,1,0,1,0,0,0,0,1,0,0
1,0.594936375845833,0.26959740314265956,0.3333333333333333,0.06979095326615138,0,0,1,0,0,1,0,1,0,1
1,0.5811316180829447,0.36333524168245446,0.3138888888888889,0.09399901075128547,0,1,1,0,0,0,0,1,1,0
0,0.5102640404491305,0.5043826572920731,0.23055555555555557,0.1533294741762602,1,0,1,0,0,0,1,1,0,1
1,0.5288611339312321,0.3135745755660293,0.25,0.08093630760199588,1,1,0,1,0,1,0,1,1,0
1,0.6694671053032974,0.3048062605751911,0.46111111111111114,0.07618981617367293,1,0,0,0,1,0,0,0,1,0
0,0.609759678391703,0.25276952151273835,0.7111111111111111,0.06174651317005293,1,1,0,0,0,1,0,1,0,1
1,0.6219889568707979,0.2870413977452333,0.375,0.07308482535955385,1,1,0,1,0,1,0,1,0,1
1,0.6024675906236645,0.24806139459535337,0.34444444444444444,0.06531351574644795,1,1,0,0,1,1,0,1,1,0
1,0.594936375845833,0.27737687619927454,0.3333333333333333,0.07145419561034472,0,0,1,0,0,1,0,1,1,0
1,0.501808552906267,0.2012641374559625,0.2222222222222222,0.05857765602408983,0,0,1,0,0,0,0,1,0,1
1,0.4157484098300688,0.37401623810480955,0.1527777777777778,0.09932029916620466,1,0,1,0,0,1,0,1,0,0
1,0.431873027314002,0.13450049091574834,0.1638888888888889,0.04993531835328137,1,0,1,0,0,0,0,1,0,1
0,0.6079582458460469,0.2142341040627509,0.3527777777777778,0.059108969550707144,1,0,1,0,0,0,0,1,1,0
0,0.7278034951149484,0.4807232016287506,0.5944444444444444,0.13664949069997498,0,0,1,0,0,0,0,1,1,0
0,0.609759678391703,0.29224053641467074,0.35555555555555557,0.07450890867386317,1,1,0,0,0,0,0,0,1,0
1,0.7541394407000002,0.41863197643602423,0.6666666666666666,0.10870185565665459,1,1,0,1,0,0,1,1,0,1
1,0.6133207027799179,0.3413154428820475,0.3611111111111111,0.08695197251845328,1,1,0,0,0,1,1,1,0,0
1,0.6253666864530569,0.36181697152240555,0.38055555555555554,0.0927189663981563,1,1,1,0,0,0,0,1,0,1
1,0.5530604922749984,0.30022612331468523,0.2777777777777778,0.07733125699811934,1,1,0,0,0,1,0,1,1,0
0,0.6219889568707979,0.0749173310805249,0.375,0.04088396438704628,1,1,1,0,0,0,0,1,0,0
1,0.6150807226730906,0.3324085497442162,0.3638888888888889,0.08445982671841198,1,1,1,0,0,0,0,1,1,0
0,0.47760919456250084,0.3086588427083934,0.2,0.08032482144604246,1,1,0,0,1,0,0,0,1,0
1,0.6079582458460469,0.38004717906871854,0.3527777777777778,0.09883111024144191,0,1,0,0,1,0,0,1,1,0
0,0.4357333109916661,0.1072198797722661,0.16666666666666666,0.04674607833545315,1,1,1,0,0,0,0,0,0,1
1,0.5871498175484735,0.34231455826327495,0.32222222222222224,0.0877088564937112,1,1,0,0,1,0,0,1,1,0
1,0.6368122594166679,0.3438703625036086,0.4,0.087197925838959,1,0,1,0,0,0,0,1,1,0
1,0.6815938702916662,0.4429368525950885,0.4861111111111111,0.12070600832708257,1,1,1,0,0,0,0,1,1,0
1,0.609759678391703,0.36405119397363905,0.35555555555555557,0.09370957397080085,1,1,1,0,0,0,0,1,1,0
0,0.6749359701483417,0.20172284358709303,0.4722222222222222,0.0555936035830371,1,1,1,0,0,0,0,1,0,0
0,0.6270371045224212,0.29514083533414825,0.38333333333333336,0.07484182891432671,1,1,1,0,0,1,1,1,0,1
1,0.7234697538625008,0.4236183315799946,0.5833333333333334,0.11165329550272315,1,1,0,0,1,0,0,1,1,0
1,0.6581225045451897,0.296343710781388,0.32916666666666666,0.0757855558816815,1,1,1,0,0,0,0,1,1,0
1,0.7122635571291653,0.3699384990982584,0.5555555555555556,0.09309808781484742,1,0,1,0,0,0,1,1,0,0
1,0.5620687634111867,0.2849745621640729,0.28888888888888886,0.07367321092739348,1,1,0,1,0,0,0,1,1,0
1,0.3538116847854357,0.23498473963608713,0.23333333333333334,0.06421419952385611,1,1,1,0,0,0,0,1,0,0
1,0.594936375845833,0.34494507366935756,0.3333333333333333,0.0883189837915403,1,0,1,0,0,1,0,1,0,0
1,0.7895449957771017,0.4354544255604742,0.7777777777777778,0.1140204263553251,0,0,1,0,0,0,0,1,1,0
1,0.6303419309229348,0.3053603036925978,0.3888888888888889,0.07720760090880431,1,1,0,1,0,0,0,1,1,0
1,0.6749359701483417,0.38352321104126097,0.4722222222222222,0.09851993173096782,1,1,0,1,0,0,0,1,0,0
0,0.7680637930879075,0.3431800974851076,0.7083333333333334,0.08323141897400776,1,1,1,0,0,0,0,1,0,1
1,0.598732850251755,0.21748095688459546,0.3388888888888889,0.05982916435660785,0,0,1,0,0,0,1,1,0,1
1,0.5790899915542036,0.24131629810571664,0.3111111111111111,0.06443705225624802,0,0,0,1,0,0,0,1,0,0
1,0.5436844364771019,0.2066385764447285,0.26666666666666666,0.058902423115807324,1,1,0,1,0,0,0,1,1,0
1,0.594936375845833,0.5002640617004637,0.3333333333333333,0.1498589505266934,1,1,0,0,1,0,0,1,0,0
0,0.6303419309229348,0.28211808172668795,0.7777777777777778,0.06705828957810173,1,1,0,1,0,1,0,1,0,1
1,0.6537195299923957,0.4451812679068208,2.5833333333333335,0.09601147963343443,1,0,1,0,0,0,0,1,0,1
1,0.570737017502067,0.41095945773380316,0.3,0.11028764308776048,1,1,0,0,1,0,1,1,0,0
1,0.6006078114570521,0.4197769509584035,0.3416666666666667,0.11311678570263835,1,1,1,0,0,1,0,1,1,0
0,0.594936375845833,0.4900531071268339,0.6666666666666666,0.14045021687375664,1,0,1,0,0,0,1,1,0,1
1,0.5790899915542036,0.4732388799709366,0.3111111111111111,0.13648235115068105,1,1,0,0,1,0,0,1,0,1
1,0.6253666864530569,0.3778778551764008,0.7611111111111111,0.09312798269358293,1,1,0,1,0,1,0,1,0,1
1,0.6006078114570521,0.29461602245932794,0.25625,0.07627372566285098,1,1,0,1,0,0,0,1,1,0
1,0.5288611339312321,0.23236569207718305,0.25,0.0635334116035613,1,1,1,0,0,0,0,1,0,1
0,0.7134091030058771,0.33492235752851474,0.5583333333333333,0.08276668949548316,1,1,1,0,0,1,0,0,1,0
0,0.6270371045224212,0.21488688094029285,0.38333333333333336,0.058845351074585,0,0,0,0,1,0,0,1,0,1
1,0.5620687634111867,0.29592598010253623,0.28888888888888886,0.07618030416680255,1,0,1,0,0,1,1,1,0,0
1,0.7887232365027963,0.4747437340470324,1.55,0.12205263672830446,1,1,0,1,0,1,0,1,1,0
0,0.702887501331269,0.6012439126930531,0.5333333333333333,0.21383263216254117,1,0,1,0,0,0,1,0,0,1
1,0.7680637930879075,0.18862791502677156,0.7083333333333334,0.05066366630792812,0,0,0,0,0,0,0,1,0,0
0,0.5851612209515864,0.3557725151665234,0.3194444444444444,0.0916441096218026,1,0,1,0,0,1,0,0,0,0
0,0.5388488584585689,0.32077033728686133,0.2611111111111111,0.08263488025742208,1,1,0,0,0,0,0,1,0,1
0,0.8084335632477615,0.6092553850930102,0.8444444444444444,0.21654627183685005,1,1,1,0,0,0,0,1,0,0
0,0.609759678391703,0.30520932361861086,0.35555555555555557,0.07757856917674938,1,1,0,0,0,1,0,1,1,0
1,0.8272823624779686,0.4888548213604793,0.9166666666666666,0.13678129993803606,1,1,0,1,0,0,0,1,0,1
1,0.6202812800663111,0.26942301859222995,0.37222222222222223,0.06927866375327485,1,0,1,0,0,0,0,1,1,0
0,0.6537195299923957,0.21876789961496157,4.305555555555555,0.011538064333779036,0,0,0,1,0,0,0,1,1,0
1,0.594936375845833,0.39917653553597066,0.3333333333333333,0.1055995825587842,0,0,1,0,0,0,0,1,0,0
1,0.609759678391703,0.31676643762545775,0.35555555555555557,0.08045255410973051,1,0,1,0,0,0,1,1,1,0
1,0.6477144435680142,0.4106962863364234,0.41944444444444445,0.10872903281914141,1,0,1,0,0,0,0,1,0,0
1,0.6461883152145642,0.3578173075961255,0.4166666666666667,0.09106659491895769,1,1,0,0,1,0,0,1,1,0
1,0.6610116177604342,0.35980499424680157,0.4444444444444444,0.09132613682070682,1,1,0,0,0,0,0,0,0,1
0,0.6219889568707979,0.2142341040627509,0.375,0.058837197925838955,0,0,1,0,0,0,0,1,0,0
1,0.5288611339312321,0.2789487084806994,0.25,0.07281577145093435,0,0,0,1,0,0,0,1,0,1
1,0.2765302461374992,0.20072790679495367,0.08333333333333333,0.060190620617682544,0,0,1,0,0,0,0,1,0,1
1,0.6236840307796105,0.5076557575438143,0.37777777777777777,0.15331452673689244,1,1,1,0,0,0,0,1,0,1
1,0.6061425725791685,0.29277039018537443,0.35,0.0746991488112709,1,0,1,0,0,0,0,1,0,0
1,0.6461883152145642,0.3007392206394226,0.4166666666666667,0.07575498157388383,1,1,1,0,0,0,0,1,1,0
1,0.5288611339312321,0.24698169000088188,0.25,0.0662606398591136,1,1,0,0,1,0,0,1,1,0
1,0.5851612209515864,0.2875284011877455,0.3194444444444444,0.07387432192979596,1,1,0,1,0,0,0,1,1,0
1,0.720164927461987,0.4014758315241751,0.575,0.10346345758732022,1,1,1,0,0,0,0,1,1,0
1,0.501808552906267,0.2770951415221956,0.2222222222222222,0.07275190511909033,1,1,1,0,0,0,0,1,0,1
1,0.8912600421232855,0.5743756882603555,1.211111111111111,0.18515664916457403,1,1,1,0,0,0,0,1,1,0
1,0.6024675906236645,0.2593960966332005,0.34444444444444444,0.0675515550772375,0,1,1,0,0,1,0,1,0,0
0,0.6581225045451897,0.37298390966625505,0.4388888888888889,0.09549103697181184,1,0,0,1,0,1,1,0,0,1
1,0.5790899915542036,0.29472107383513513,0.3111111111111111,0.07562724891019579,1,1,1,0,0,0,0,1,1,0
1,0.4959935214965856,0.2045178481516008,0.43333333333333335,0.05651925758813554,1,1,0,0,1,0,0,1,0,1
1,0.4115339526478998,0.21848248837647444,0.15,0.06231043929165443,0,0,1,0,0,0,0,1,0,1
0,0.609759678391703,0.6609311918162863,0.35555555555555557,0.27002549217841265,1,1,1,0,0,0,0,1,0,0
1,0.5262948338009747,0.3624973457902596,0.24722222222222223,0.0945575014403896,1,0,1,0,0,0,0,1,0,0
0,0.5507521163404694,0.2721985767582591,0.33,0.0703820565502397,0,0,1,0,0,0,1,1,1,0
1,0.594936375845833,0.3413589664023353,0.3333333333333333,0.0873039167726576,1,1,1,0,0,0,0,1,0,0
1,0.5851612209515864,0.2608449513142841,0.3194444444444444,0.06815081151007185,0,0,1,0,0,0,0,1,1,0
1,0.696826952557579,0.46819929223163537,0.5194444444444445,0.13154969615932338,1,0,1,0,0,0,0,1,0,0
1,0.6286954617063276,0.331911760645341,0.3861111111111111,0.08405352813923403,1,1,1,0,0,0,0,1,0,0
0,0.6079582458460469,0.2769259471064702,0.3527777777777778,0.0711185576536325,1,1,0,0,1,0,0,0,1,0
1,0.6202812800663111,0.293984778896468,0.37222222222222223,0.07470866081814129,1,1,0,0,1,0,0,1,0,1
0,0.6352116851891552,0.32854363170963663,0.29791666666666666,0.08422712226461859,0,0,1,0,0,0,0,0,0,1
1,0.6776223337795866,0.34192407883714115,0.4777777777777778,0.08569638761156226,1,1,1,0,0,0,0,1,1,0
1,0.5749514746842359,0.3396996843934901,0.3055555555555556,0.08717890182521823,1,1,0,0,0,0,0,1,0,1
1,0.7122635571291653,0.387710649636962,0.5555555555555556,0.098907206296405,1,1,0,1,0,0,0,1,1,0
1,0.6219889568707979,0.29149683597340803,0.375,0.07409989237843655,0,1,0,1,0,0,0,1,0,1
0,0.6477144435680142,0.410663370285546,0.3145833333333333,0.10999922545086913,0,0,1,0,0,0,0,1,0,0
0,0.5811316180829447,0.3056117332667394,0.3138888888888889,0.0781859787583298,1,1,0,1,0,0,0,1,0,1
0,0.5363923487090636,0.2950884039478876,0.25833333333333336,0.07635831458109121,1,1,1,0,0,1,0,0,0,1
1,0.5642666890083337,0.28930595052380403,0.2916666666666667,0.07461761732381045,1,1,1,0,0,1,0,1,1,0
1,0.6168273582550705,0.3086588427083934,0.36666666666666664,0.07828653425953103,0,0,1,0,0,0,0,1,0,0
1,0.5436844364771019,0.21495930585614675,0.26666666666666666,0.060284381828262075,1,1,0,1,0,0,0,1,0,1
1,0.6303419309229348,0.3737872025074498,0.3888888888888889,0.09635934731326572,1,0,1,0,0,0,0,1,0,0
0,0.609759678391703,0.08120213252279052,0.35555555555555557,0.04173325071475937,1,0,1,0,0,1,0,1,0,1
1,0.6219889568707979,0.3290472004154019,0.375,0.08341894139516681,0,0,1,0,0,0,0,1,0,0
0,0.5620687634111867,0.26907388154827916,0.28888888888888886,0.07022442900781614,0,0,1,0,0,0,0,0,0,1
0,0.9133425055541671,0.6556627986475589,1.3333333333333333,0.2527598408505365,1,0,1,0,0,0,0,1,0,0
1,0.6943572355125833,0.4147767976607273,0.5138888888888888,0.10910271880333518,1,1,0,0,1,1,0,1,0,0
1,0.5130147496396025,0.17488866144700643,0.23333333333333334,0.054442650751720306,0,0,1,0,0,0,0,1,1,0
1,0.577030054229251,0.3246175858264577,0.30833333333333335,0.0830602028503408,1,0,1,0,0,1,0,1,1,0
1,0.4198869267000368,0.1372885744265,0.15555555555555556,0.050379664959940854,0,0,1,0,0,0,0,1,0,0
1,0.6368122594166679,0.3431800974851076,1.7142857142857142,0.07092889988399234,1,1,0,0,1,0,1,1,0,0
0,0.6595716038136017,0.27214106803627636,0.44166666666666665,0.06900417441215798,1,1,1,0,0,0,0,1,0,0
1,0.577030054229251,0.31058757429508455,0.6166666666666667,0.07570606268140756,1,1,0,1,0,1,0,1,0,1
1,0.594936375845833,0.2350515326937559,0.3333333333333333,0.06300345693506831,1,1,0,0,1,0,0,1,1,0
1,0.5236995353155047,0.2649047039005026,0.24444444444444444,0.06989966191609867,1,1,1,0,0,0,0,1,0,1
1,0.5790899915542036,0.2230101514888163,0.3111111111111111,0.06112279729098044,0,0,0,1,0,0,0,1,1,0
0,0.6537195299923957,0.4807232016287506,0.4305555555555556,0.1386538064333779,1,1,0,1,0,0,1,1,0,0
1,0.5851612209515864,0.28617324771125374,0.3194444444444444,0.07356857885181924,1,1,1,0,0,0,0,1,1,0
1,0.6024675906236645,0.28420873750145126,0.34444444444444444,0.07282256574155604,1,1,0,0,0,0,0,1,1,0
1,0.609759678391703,0.3179648390904142,0.35555555555555557,0.08075829718770722,1,1,0,0,1,1,0,1,0,0
1,0.6168273582550705,0.3600876546728362,0.36666666666666664,0.09236294556957897,0,0,1,0,0,0,0,1,0,0
1,0.8053913800687311,0.5813743993077851,0.8333333333333334,0.19487656132798487,1,1,0,0,0,0,0,1,0,0
0,0.8572549881669029,0.5579448695234415,1.0444444444444445,0.1757723749578754,1,1,0,1,0,0,1,0,0,0
1,0.6133207027799179,0.30450353322385815,0.3611111111111111,0.07733941014686538,1,0,1,0,0,0,0,0,0,0
1,0.6931123464370221,0.4246472599025706,0.5111111111111111,0.11294013414647402,1,1,1,0,0,0,1,1,1,0
0,0.5749514746842359,0.3844029629271988,0.3055555555555556,0.1008517322723369,0,1,1,0,0,0,0,1,0,1
1,0.4610782152121441,0.1365944837880364,0.18611111111111112,0.04992037091391362,0,0,1,0,0,0,0,1,0,1
1,0.5891213444361516,0.3611347273366634,0.325,0.0931904901673026,1,0,0,1,0,0,0,1,0,1
1,0.5484203047167044,0.1764157527810295,0.2722222222222222,0.05418718542434421,1,0,1,0,0,0,0,1,1,0
1,0.4743968139157646,0.1676353254731333,0.19722222222222222,0.05385698290012936,1,0,1,0,0,0,0,1,0,1
1,0.9180783737937694,0.9389389405350703,2.7222222222222223,0.7629240996206068,1,1,1,0,0,0,0,1,0,1
1,0.6906021414278545,0.5189748256924627,1.011111111111111,0.15192849145006465,1,1,0,1,0,0,1,1,0,1
1,0.471138866068768,0.48054937530430686,0.19444444444444445,0.14145577188576894,1,1,1,0,0,0,1,1,1,0
1,0.6610116177604342,0.3513392346053281,0.4444444444444444,0.0888068138581787,1,1,0,1,0,0,0,1,0,0
1,0.6829026001696714,0.3957046412160017,0.4888888888888889,0.10247420887280001,1,1,0,0,1,0,1,1,0,0
0,0.609759678391703,0.05915099206197416,0.35555555555555557,0.03965419778451771,0,0,0,0,0,1,0,0,0,1
1,0.4743968139157646,0.263002499976958,0.19722222222222222,0.07008582547913336,0,0,1,0,0,0,0,1,1,0
0,0.6789538243036042,0.26737942857091546,0.48055555555555557,0.06752573677287502,1,1,0,0,0,1,0,1,0,0
0,0.3747062167286882,0.12417498507482772,0.12777777777777777,0.04914174520866625,0,0,1,0,0,0,0,1,0,0
1,0.6581225045451897,0.3447734322469074,0.4388888888888889,0.08697914968094012,1,1,0,1,0,1,0,1,0,1
1,0.48390223128968535,0.19577075940633537,0.20555555555555555,0.057913174401287106,1,1,0,0,0,1,0,1,1,0
1,0.6043124316437296,0.30430150969504477,0.3472222222222222,0.07746034851993172,1,1,0,0,1,0,0,1,0,0
1,0.6610116177604342,0.3065147769368275,0.4444444444444444,0.07680945547837241,1,1,1,0,0,0,0,1,1,0
0,0.6492304983935946,0.383266028337683,0.4222222222222222,0.09904580982508777,1,1,1,0,0,1,0,0,0,0
1,0.6061425725791685,0.3208176159075793,0.35,0.08156002348106839,1,1,0,0,1,1,0,1,0,1
1,0.7716386741605199,0.502479759000013,0.7194444444444444,0.14632320168715823,1,1,1,0,0,0,0,1,1,0
1,0.696826952557579,0.4510969924812478,0.5194444444444445,0.12380828142495297,1,1,1,0,0,0,0,1,0,0
1,0.7423583213331604,0.45684768630016426,0.6333333333333333,0.12495923425626976,1,1,1,0,0,0,0,1,1,0
0,0.8114359781863392,0.5442615863985221,0.8555555555555555,0.1691302764460968,1,0,1,0,0,0,0,1,0,0
1,0.5412793729081586,0.295873714306506,0.2638888888888889,0.07647381752166019,1,1,0,0,0,0,0,1,0,0
0,0.5642666890083337,0.3323182983717159,0.2916666666666667,0.08531862505299546,0,1,1,0,0,0,1,0,0,0
1,0.6133207027799179,0.17582299971708548,0.3611111111111111,0.053014490863037965,0,1,1,0,0,0,0,1,1,0
1,0.5871498175484735,0.24138140929227414,0.6444444444444445,0.060372707606344236,0,0,1,0,0,0,0,1,0,1
1,0.6680792976238015,0.5154172026875428,0.4583333333333333,0.15665867658089555,1,1,0,0,1,0,0,1,0,0
0,0.4610782152121441,0.24538530895367816,0.18611111111111112,0.06673624020263291,1,1,0,1,0,0,0,1,0,1
0,0.5530604922749984,0.29149683597340803,0.20833333333333334,0.07613817956494798,1,1,1,0,0,1,0,0,0,1
1,0.7122635571291653,0.4354842133324339,0.5555555555555556,0.11675037232712607,1,1,0,0,0,0,0,1,1,0
0,0.5046617755874658,0.2945109266079158,0.225,0.07663144506408374,0,0,0,1,0,0,0,1,1,0
1,0.7502791570223359,0.44520991111891406,0.6555555555555556,0.11959989781386904,1,1,0,0,1,0,0,1,1,0
1,0.6133207027799179,0.3951095596711205,0.3611111111111111,0.10382899042276793,1,1,1,0,0,0,0,1,0,1
1,0.5412793729081586,0.3558135765175938,0.31666666666666665,0.0916903107980302,1,1,1,0,0,0,0,1,0,1
1,0.6319766813981349,0.38578955819766736,0.39166666666666666,0.10026334670449727,1,0,1,0,0,0,1,1,0,0
0,0.6185608115560952,0.3626971014921374,0.36944444444444446,0.0931239061192099,1,0,1,0,0,1,0,1,0,0
0,0.5436844364771019,0.1365944837880364,0.2,0.049750513648371,1,0,1,0,0,0,0,1,1,0
0,0.6024675906236645,0.3147400068021222,0.34444444444444444,0.08007479155116373,1,0,1,0,0,0,0,0,0,0
1,0.6815938702916662,0.3670122994305085,0.4861111111111111,0.09303014490863037,1,1,0,1,0,0,0,1,1,0
0,0.9528133255560587,0.708140190813016,1.5833333333333333,0.307952581286893,1,1,1,0,0,0,0,1,0,0
1,0.4157484098300688,0.5936277027431964,0.1527777777777778,0.21248192718694625,0,0,1,0,0,0,1,1,1,0
1,0.6537195299923957,0.3176777499327461,0.4305555555555556,0.07976768961506267,1,1,0,0,1,0,0,1,1,0
1,0.8596855026164927,0.6152900936582866,1.2666666666666666,0.21643348661252976,1,1,0,0,1,0,1,1,0,0
0,0.577030054229251,0.31107971640181753,0.6166666666666667,0.07582835991259823,1,0,0,1,0,0,0,0,0,1
1,0.5749514746842359,0.26673366721097636,0.3055555555555556,0.06953141136440226,0,0,1,0,0,0,0,1,0,1
1,0.594936375845833,0.3429207524529916,0.6666666666666666,0.0836676124319212,1,1,1,0,0,0,0,1,0,1
1,0.6133207027799179,0.5597027838267168,0.3611111111111111,0.18531563556512193,1,1,0,0,0,0,0,1,0,0
1,0.6133207027799179,0.2717957356402245,0.3611111111111111,0.06991596821359075,1,1,1,0,0,0,0,1,1,0
0,0.4743968139157646,0.18749809852422117,0.14791666666666667,0.05734619084890585,1,0,1,0,0,0,0,1,0,1
1,0.6133207027799179,0.327349301809434,0.3611111111111111,0.08313629890530388,1,1,0,0,1,0,0,1,0,1
1,0.609759678391703,0.34691046677210546,0.35555555555555557,0.08860977943014925,1,1,1,0,0,0,0,1,1,0
1,0.802308360998019,0.48498096691638337,0.8222222222222222,0.1359795736446749,1,0,1,0,0,0,0,1,1,0
1,0.6551965863507527,0.3539176891221818,0.43333333333333335,0.08970094250399505,0,0,1,0,0,0,0,1,0,1
1,0.609759678391703,0.3980361700430748,0.35555555555555557,0.10492423007098674,1,0,1,0,0,0,1,1,0,1
0,0.5530604922749984,0.2861188873919016,0.2777777777777778,0.07406592092532803,1,1,0,0,1,0,0,1,0,1
1,0.5811316180829447,0.23168966661218504,0.6277777777777778,0.058790996749611364,1,0,0,1,0,0,0,1,0,1
1,0.6168273582550705,0.24989247386882352,0.36666666666666664,0.06539640609203273,1,0,1,0,0,1,0,1,1,0
0,0.609759678391703,0.3598857872165395,0.35555555555555557,0.09243768276641771,1,1,1,0,0,1,0,0,0,1
1,0.6236840307796105,0.29592598010253623,0.37777777777777777,0.07509321766732979,1,1,1,0,0,0,0,1,0,1
1,0.6043124316437296,0.3317760999821624,0.3472222222222222,0.08449243931339616,1,1,1,0,0,0,0,1,0,0
1,0.6943572355125833,0.45913283749224987,0.5138888888888888,0.12744730348193806,1,0,0,0,0,0,0,1,0,0
1,0.785406478907134,0.46809483761308246,0.7638888888888888,0.12851128939329703,1,1,0,0,0,0,0,1,0,0
1,0.594936375845833,0.29319346041531014,0.3333333333333333,0.0750008153148746,1,1,1,0,0,0,0,1,0,1
1,0.5811316180829447,0.22835026595183883,0.6277777777777778,0.058191740316777,1,1,0,0,1,1,0,1,1,0
1,0.5811316180829447,0.28250452788086,0.3138888888888889,0.07281713030905869,1,1,0,0,1,0,0,1,0,1
1,0.6219889568707979,0.23790676414094558,0.375,0.06301976323256042,1,1,0,0,1,0,0,1,1,0
0,0.4743968139157646,0.196317794030765,0.19722222222222222,0.05810069682244616,0,0,1,0,0,0,0,0,0,1
1,0.5412793729081586,0.28206282598971444,0.2638888888888889,0.07333077868005958,1,1,1,0,0,0,0,1,0,1
1,0.5728539124149514,0.33536858521892055,0.30277777777777776,0.08601436041265803,1,0,1,0,0,1,0,1,0,0
0,0.5598496014891057,0.20551278586514754,0.2861111111111111,0.058481177097261625,0,0,1,0,0,0,0,0,1,0
0,0.369658069077065,0.1724943545195221,0.25,0.05389638978573525,1,1,0,0,1,1,0,0,0,1
0,0.4541176379257509,0.160704868544163,0.21666666666666667,0.052665264325082346,1,0,1,0,0,1,0,1,0,0
1,0.5598496014891057,0.6820255969868196,0.2861111111111111,0.29329186098337845,1,0,1,0,0,0,0,1,1,0
1,0.4072407160198688,0.07656674842690014,0.14722222222222223,0.04382860994249312,0,0,1,0,0,1,0,1,1,0
0,0.7052676415132679,0.40734952588766826,0.5388888888888889,0.10603305830044897,0,0,1,0,0,0,1,1,0,0
1,0.5851612209515864,0.28508377307534993,0.3194444444444444,0.07332398438943787,0,0,1,0,0,0,0,1,1,0
1,0.5851612209515864,0.28617324771125374,0.3194444444444444,0.07356857885181924,1,1,1,0,0,1,0,1,0,1
1,0.4576242934009034,0.10632412274316927,0.18333333333333332,0.046444411831849455,0,0,1,0,0,1,0,1,0,0
0,0.6492304983935946,0.43446941842282283,0.5066666666666667,0.11693245931578775,1,1,0,1,0,0,0,0,1,0
0,0.847267263639566,0.9999999999999998,1.0,0.9999999999999999,1,1,0,0,0,0,0,0,0,0
0,0.4432645257694976,0.24487229115842024,0.17222222222222222,0.06680825968322299,0,0,0,1,0,1,1,1,1,0
1,0.6610116177604342,0.3642893866008976,0.4444444444444444,0.09269586581004251,1,1,1,0,0,0,0,1,0,1
0,0.7320569772691183,0.35785803213027134,0.6055555555555555,0.08876876583069715,1,1,1,0,0,1,0,0,0,0
1,0.5749514746842359,0.2704095818439345,0.3055555555555556,0.07030188392090359,1,1,1,0,0,1,0,1,0,0
0,0.6854978986551417,0.32711896273999064,0.49444444444444446,0.0814445205404994,0,1,1,0,0,1,0,0,1,0
1,0.4357333109916661,0.1814392577166104,0.16666666666666666,0.05621188402961223,0,0,1,0,0,0,0,1,0,1
0,0.6610116177604342,0.14633049232184714,0.4444444444444444,0.047983998086727764,0,0,0,1,0,0,0,1,0,1
0,0.7531804352476286,0.6718920921353628,0.6638888888888889,0.27766499255345745,1,1,0,0,1,0,1,1,0,1
1,0.5790899915542036,0.2404029437080133,0.3111111111111111,0.06426583613258106,1,1,1,0,0,0,0,1,0,0
1,0.6270371045224212,0.2913371813013843,0.38333333333333336,0.07396128884975378,1,1,1,0,0,0,0,1,1,0
1,0.6270371045224212,0.3467401794066023,0.38333333333333336,0.08822114600658774,1,1,1,0,0,0,0,1,0,0
0,0.501808552906267,0.15753102662174823,0.2222222222222222,0.052169281109697895,0,0,1,0,0,1,0,0,0,1
1,0.5530604922749984,0.22286990493292325,0.2777777777777778,0.06150599528204459,1,1,1,0,0,0,0,1,0,1
0,0.5749514746842359,0.45226897405206157,0.3055555555555556,0.1269377316853102,1,1,0,1,0,0,0,0,0,1
1,0.5436844364771019,0.5793805219429353,0.26666666666666666,0.2003391709878355,1,1,1,0,0,0,0,1,1,0
1,0.5968424570934732,0.3909748411913514,0.33611111111111114,0.10270385589581363,1,1,1,0,0,0,0,1,0,0
0,0.5046617755874658,0.2882840681254153,0.225,0.07520056745915271,0,0,0,1,0,1,0,1,0,0
1,0.6185608115560952,0.3512137887689206,0.36944444444444446,0.08968735392275164,1,1,0,0,1,0,0,1,1,0
1,0.5210745756338726,0.176510462130135,0.24166666666666667,0.0545745687087043,1,1,1,0,0,0,0,1,0,0
1,0.4357333109916661,0.1572570853793127,0.3333333333333333,0.050773733815999735,1,0,1,0,0,1,0,1,0,1
1,0.6461883152145642,0.4439752587460515,0.4166666666666667,0.12199556468708216,0,0,0,1,0,0,1,1,1,0
0,0.5642666890083337,0.3737872025074498,0.2916666666666667,0.09754834817206404,1,0,1,0,0,0,0,0,0,0
1,0.8743198446645308,0.5434724032199336,1.125,0.16533362684668818,1,0,1,0,0,0,0,1,1,0
1,0.6352116851891552,0.2967086493709623,0.3972222222222222,0.07503886334235614,1,1,1,0,0,0,0,1,1,0
1,0.5530604922749984,0.23724568146707115,0.2777777777777778,0.06408646686016806,1,0,1,0,0,0,0,1,0,1
1,0.609759678391703,0.481887179485897,0.5333333333333333,0.13797165965495872,0,1,1,0,0,0,0,1,1,0
1,0.3938574274208313,0.23902657995917287,0.1388888888888889,0.0661152420398091,1,0,1,0,0,0,0,1,1,0
1,0.609759678391703,0.2083549329407639,0.35555555555555557,0.05809662024807313,1,1,1,0,0,0,0,1,0,1
0,0.696826952557579,0.49084081884236874,0.5194444444444445,0.14265428475143765,1,0,1,0,0,0,1,0,0,1
1,0.6270371045224212,0.39716875565383547,0.38333333333333336,0.1042787724619248,0,1,1,0,0,1,1,1,0,0
1,0.696826952557579,0.44683713500648614,0.5194444444444445,0.12196159323397361,1,0,1,0,0,0,0,1,1,0
1,0.688064198785399,0.474030703281328,0.5,0.13455141375599255,1,1,1,0,0,0,0,1,0,0
1,0.6431052961438521,0.38131009328594057,0.4111111111111111,0.09853352031221124,1,0,0,0,0,1,0,1,1,0
1,0.6492304983935946,0.8102765933372662,0.4222222222222222,0.4777514159301656,1,0,0,1,0,0,0,1,1,0
1,0.6815938702916662,0.5921584233574098,0.5833333333333334,0.20607898770505167,1,1,1,0,0,0,0,1,0,0
1,0.6133207027799179,0.29202827783198315,0.3611111111111111,0.07439204687516984,1,1,0,1,0,0,1,1,0,0
1,0.5749514746842359,0.29075090075605137,0.3055555555555556,0.07477796258248268,1,1,0,0,1,1,0,1,0,0
0,0.4157484098300688,0.30440254201118466,0.1527777777777778,0.07986280968376654,1,1,1,0,0,0,0,1,0,0
0,0.6461883152145642,0.31112887699160674,0.4166666666666667,0.07828653425953103,1,1,0,0,1,0,0,0,0,0
0,0.7004824377623255,0.2718533244114669,0.5277777777777778,0.06788991075019839,1,0,0,1,0,1,1,1,1,0
0,0.6043124316437296,0.224617317451403,0.3472222222222222,0.060962452032308205,1,1,0,0,1,1,0,0,0,0
1,0.4357333109916661,0.21394342909121433,0.2,0.06092848057919968,1,1,0,0,1,1,0,1,0,1
0,0.6446519785688323,0.34035598969513914,0.41388888888888886,0.08603746100077184,1,1,1,0,0,0,0,0,0,0
1,0.5288611339312321,0.3061138297108308,0.5,0.07603218863124939,1,1,1,0,0,0,0,0,0,0
1,0.5130147496396025,0.39517964335236777,0.23333333333333334,0.10541613671199818,1,0,1,0,0,0,1,1,1,0
1,0.5436844364771019,0.24435821093880494,0.26666666666666666,0.06555539249258063,1,1,0,0,1,0,0,1,1,0
1,0.591076092168169,0.271276834609109,0.3277777777777778,0.07021355814282142,1,1,1,0,0,0,0,1,0,1
0,0.6789538243036042,0.36512126551615576,0.48055555555555557,0.09251106110513213,1,1,1,0,0,0,0,1,0,1
1,0.6236840307796105,0.2743170872985432,0.37777777777777777,0.07025024731217863,1,0,0,0,1,0,0,1,0,0
0,0.6610116177604342,0.4354842133324339,0.4444444444444444,0.11810923045146703,1,1,1,0,0,0,0,1,1,0
1,0.6610116177604342,0.36069227394712855,0.4444444444444444,0.09159519072932633,1,1,1,0,0,0,1,1,1,0
1,0.609759678391703,0.4171291560188848,0.7111111111111111,0.10758351542032199,1,1,0,0,0,0,0,1,0,1
1,0.6507366118045752,0.3185380232527064,0.425,0.08005576753742294,1,1,1,0,0,0,0,1,0,0
1,0.6168273582550705,0.3179648390904142,0.36666666666666664,0.08062241137527312,0,0,0,1,0,1,0,1,1,0
0,0.5484203047167044,0.2633602752932671,0.2722222222222222,0.06924197458391765,1,0,1,0,0,0,0,0,1,0
1,0.6303419309229348,0.3539176891221818,0.3888888888888889,0.09024448575373142,1,0,1,0,0,0,0,1,0,0
0,0.471138866068768,0.28855339265799507,0.3888888888888889,0.07325740034134516,1,1,0,0,0,1,0,0,0,1
1,0.5749514746842359,0.6079057469868265,0.3055555555555556,0.22202382893606842,1,1,1,0,0,0,0,1,1,0
1,0.5484203047167044,0.19214565553043883,0.2722222222222222,0.05653529226320538,0,1,0,0,1,1,0,1,1,0
0,0.5749514746842359,0.3844029629271988,0.3055555555555556,0.1008517322723369,1,1,1,0,0,0,0,1,0,1
1,0.6638648404416325,0.3336237425848505,0.45,0.08373691419626259,1,1,0,1,0,0,1,1,1,0
0,0.5811316180829447,0.2625844426710533,0.6277777777777778,0.0647346421854787,1,1,0,1,0,1,0,0,0,0
1,0.5530604922749984,0.292823313412806,0.2777777777777778,0.0755946363152116,1,1,0,0,0,0,0,1,1,0
1,0.5363923487090636,0.1365944837880364,0.25833333333333336,0.049037113133091996,0,0,1,0,0,0,1,1,0,1
1,0.6638648404416325,0.4851517186335561,0.45,0.14061735642305057,1,0,0,0,1,0,0,1,0,0
1,0.6461883152145642,0.6201928057338921,0.4166666666666667,0.23102354629357857,1,1,0,0,1,0,1,1,0,0
1,0.7443642858057533,0.43891556230650663,0.7666666666666667,0.11558718977269021,1,1,0,0,1,0,0,1,1,0
0,0.6168273582550705,0.29566454100798834,0.36666666666666664,0.07516795486416854,1,1,0,0,1,0,0,0,1,0
1,0.5184192689254197,0.6389679213582349,0.2388888888888889,0.25005027775060057,1,1,0,1,0,0,1,1,1,0
0,0.609759678391703,0.28524749940688365,0.35555555555555557,0.07291904466838425,1,1,0,0,1,0,0,1,0,1
1,0.6522329133321723,0.2740889288290551,0.42777777777777776,0.06958984226374892,0,0,1,0,0,1,0,1,0,0
1,0.5811316180829447,0.18959225316667339,0.3138888888888889,0.05563436932676733,1,1,0,0,0,1,0,1,0,0
1,0.609759678391703,0.31996521996283467,0.35555555555555557,0.08127194555870809,1,1,1,0,0,0,0,1,1,0
1,0.7483244092903187,0.5005850768535132,0.65,0.14615742099598866,1,1,1,0,0,0,0,1,1,0
1,0.759810876311219,0.4354544255604742,0.6833333333333333,0.1151754557610149,1,1,0,0,1,0,0,1,1,0
1,0.6150807226730906,0.2765872119199606,0.3638888888888889,0.07090929350248398,1,1,0,1,0,1,0,1,0,0
0,0.501808552906267,0.22343041637022787,0.2222222222222222,0.06228326212916761,1,0,0,0,1,0,0,0,0,0
0,0.9227185613520634,0.6311836563685678,1.3888888888888888,0.22884393786213564,1,1,0,1,0,0,0,1,0,1
1,0.6610116177604342,0.38004717906871854,0.4444444444444444,0.09771005228886062,1,1,0,0,1,0,1,1,1,0
0,0.4869852503603972,0.13005495025843228,0.20833333333333334,0.04885366728630597,1,0,1,0,0,0,0,1,0,1
1,0.5436844364771019,0.3315951036946483,0.26666666666666666,0.08542869256106708,1,0,1,0,0,1,0,1,1,0
1,0.6955954135632305,0.3724085333814722,0.5166666666666667,0.09435639043798714,1,1,0,1,0,1,0,1,0,1
1,0.5749514746842359,0.2333090454281701,0.3055555555555556,0.06302519866505778,1,0,1,0,0,1,0,1,0,0
1,0.7393161381541302,0.6162554066145349,0.625,0.22510028372957636,0,0,1,0,0,1,1,1,1,0
0,0.5930143439421112,0.34352546991971145,0.33055555555555555,0.08794937438171954,1,1,1,0,0,0,0,0,0,0
1,0.5642666890083337,0.26767240204682996,1.25,0.058176792877409254,0,1,0,1,0,0,0,1,1,0
1,0.5686004302607814,0.2712191119260614,0.2972222222222222,0.07057501440389612,1,1,1,0,0,1,0,1,0,0
1,0.577030054229251,0.4087135569670799,9.25,0.0,1,1,1,0,0,0,0,1,0,1
1,0.5412793729081586,0.1730093679767195,0.2638888888888889,0.05379991085890704,1,1,0,1,0,0,1,1,1,0
0,0.722373420171563,0.4974953400265154,0.5805555555555556,0.14536792442574656,1,0,1,0,0,0,0,0,0,0
1,0.5811316180829447,0.2728302949408514,0.23541666666666666,0.07167331148289469,0,0,1,0,0,0,0,1,0,0
1,0.5530604922749984,0.19467306034581466,0.2777777777777778,0.056858700496798524,0,0,1,0,0,0,0,1,1,0
1,0.7212718282653536,0.49257450271342607,0.5777777777777777,0.14283365402385068,1,1,0,0,1,0,0,1,1,0
0,0.6270371045224212,0.46409263675234036,0.38333333333333336,0.13130646055506634,1,1,0,1,0,1,0,1,0,0
1,0.6024675906236645,0.3229827555867095,0.41333333333333333,0.08134804161367121,1,1,1,0,0,1,0,1,1,0
1,0.7569926633811985,0.42302397787796964,0.675,0.11029987281087955,1,1,0,0,1,0,0,1,0,0
1,0.9133425055541671,0.7318393674776764,1.3333333333333333,0.3416332387568079,1,1,1,0,0,0,0,1,0,1
0,0.5436844364771019,0.22593717268027969,0.26666666666666666,0.06217998891171771,1,0,1,0,0,0,0,1,0,1
1,0.6980519233127358,0.331956964396231,0.5222222222222223,0.08240115666003543,1,1,1,0,0,0,1,1,0,1
1,0.3426054880521002,0.5508047328493213,0.1111111111111111,0.18245388035525983,0,0,0,1,0,0,0,1,0,1
0,0.5530604922749984,0.3028827225861954,0.2777777777777778,0.0779672026003109,1,0,1,0,0,1,0,1,0,0
1,0.7635154964978963,0.42746270881008175,0.6944444444444444,0.1118109230451467,1,1,0,1,0,0,0,1,1,0
1,0.6431052961438521,0.3239649451570801,0.4111111111111111,0.08163204296165846,1,1,0,0,1,0,0,1,0,1
0,0.471138866068768,0.44887744564873944,0.3888888888888889,0.12443879159464719,1,1,1,0,0,0,0,1,1,0
0,0.8136623103721266,0.4674933690924845,0.8638888888888889,0.12700703344965159,1,0,1,0,0,0,0,1,0,0
1,0.6461883152145642,0.38839573853853504,0.4166666666666667,0.1008381436910935,1,1,0,0,0,0,0,1,0,0
1,0.5811316180829447,0.23141874009434704,0.23541666666666666,0.06354054560871408,0,1,0,0,1,0,0,1,1,0
0,0.6006078114570521,0.30232311575618875,0.3416666666666667,0.0770513322245051,1,1,1,0,0,1,0,0,1,0
0,0.6943572355125833,0.3775019102350494,0.5138888888888888,0.09602914478905086,1,0,1,0,0,0,0,1,1,0
0,0.5412793729081586,0.21292337788699434,0.2638888888888889,0.05997592103403668,0,0,1,0,0,1,0,1,0,0
1,0.369658069077065,0.24913642334328245,0.125,0.06820516583504549,1,1,0,0,1,1,0,1,1,0
1,0.4157484098300688,0.1365944837880364,0.1527777777777778,0.0503280283512159,1,0,1,0,0,0,0,1,1,0
1,0.5530604922749984,0.3957396016269217,0.2777777777777778,0.10506826903216689,1,1,0,0,0,0,1,1,0,0
1,0.9133425055541671,0.5832538629778063,1.3333333333333333,0.1901558882040244,1,1,0,0,1,0,1,1,0,0
0,0.609759678391703,0.3837801275691539,0.35555555555555557,0.10003234082335931,1,0,1,0,0,0,0,1,1,0
1,0.8714666219833322,0.6196402087137873,1.1111111111111112,0.22205372381480398,1,1,0,0,1,0,1,1,0,0
1,0.5749514746842359,0.23889509881344595,0.3055555555555556,0.06405249540705954,1,1,1,0,0,0,0,1,1,0
1,0.6624426595995228,0.3818652252295449,0.44722222222222224,0.09827533726858645,1,1,0,1,0,1,0,0,1,0
1,0.5388488584585689,0.2520845592392822,0.2611111111111111,0.06711536161932405,1,0,0,1,0,1,0,1,1,0
1,0.6133207027799179,0.38436636877996233,0.3611111111111111,0.10016007348704736,1,0,1,0,0,1,0,1,1,0
1,0.7299400823562339,0.37474012650808963,0.6,0.09408325995499461,1,1,1,0,0,0,0,1,0,0
1,0.5530604922749984,0.27011982297208514,0.2777777777777778,0.07058044983639347,1,1,0,0,0,0,0,1,0,1
0,0.5749514746842359,0.22628333979442794,0.3055555555555556,0.06176553718379371,1,0,0,0,1,0,0,0,0,0
0,0.7076233695708714,0.5099612380664624,0.5444444444444444,0.15254813075476414,1,0,0,1,0,0,0,1,1,0
1,0.6043124316437296,0.6288983799540879,0.3472222222222222,0.23952863929382862,0,0,1,0,0,1,1,1,0,1
1,0.6061425725791685,0.2875284011877455,0.35,0.07350063594560219,1,0,1,0,0,1,0,1,0,0
1,0.8230679052957997,0.4816894406345946,0.9,0.13338959005968104,1,1,1,0,0,0,0,1,0,1
1,0.5686004302607814,0.2282816449707996,0.2972222222222222,0.06222211351357227,1,0,0,0,1,0,0,1,1,0
0,0.4576242934009034,0.21676309520060566,0.18333333333333332,0.061609268499494496,1,1,1,0,0,1,0,1,0,0
1,0.6566642045848798,0.37059700284004804,0.8722222222222222,0.08943324745349987,1,1,0,0,0,0,0,1,0,0
1,0.6303419309229348,0.40774953091150334,0.7777777777777778,0.10325827001054474,0,1,0,1,0,0,0,1,1,0
0,0.5507521163404694,0.09776536655777024,0.275,0.044406124645338024,0,0,1,0,0,0,0,0,1,0
1,0.5412793729081586,0.23067216390054246,0.2638888888888889,0.06305781126004195,0,0,0,1,0,0,0,1,1,0
1,0.609759678391703,0.29660443593646435,0.35555555555555557,0.07552397569274587,1,1,0,1,0,1,0,1,0,1
1,0.5576087888650094,0.23256814123669378,0.2833333333333333,0.06316244333561621,0,1,1,0,0,1,0,1,1,0
1,0.6537195299923957,0.2942479921512515,0.4305555555555556,0.07405640891845763,1,1,1,0,0,0,0,1,0,0
0,0.501808552906267,0.20983783100247755,2.2222222222222223,0.035512398221526485,1,0,1,0,0,1,0,1,1,0
1,0.6384017569172047,0.2717381335057676,0.4027777777777778,0.06939416669384382,1,0,1,0,0,0,0,1,0,0
0,0.5598496014891057,0.3086588427083934,0.2861111111111111,0.07927170639967822,0,0,1,0,0,0,0,0,1,0
1,0.5749514746842359,0.29857704838672006,0.3055555555555556,0.0766001913272239,1,1,1,0,0,0,0,1,0,0
0,0.609759678391703,0.3788152341217297,0.35555555555555557,0.09839355792540412,1,1,0,0,1,0,1,0,0,0
1,0.609759678391703,0.30196634436097125,0.35555555555555557,0.076795866897129,1,1,0,1,0,1,0,1,0,0
1,0.6581225045451897,0.37693692312218796,0.4388888888888889,0.09676292817619497,1,1,0,1,0,0,0,1,0,1
0,0.6893366755700991,0.29785211888474694,0.5027777777777778,0.07401700203285175,1,1,1,0,0,1,0,0,0,1
0,0.6168273582550705,0.4209166685967187,0.7333333333333333,0.10876708084662297,1,1,1,0,0,0,0,0,0,0
1,0.2436626337028528,0.3737872025074498,0.07222222222222222,0.10023209296763742,1,1,0,1,0,0,0,1,1,0
1,0.5130147496396025,0.2707568466205419,0.23333333333333334,0.07125852004043962,0,0,1,0,0,0,0,1,0,1
1,0.7725237676340848,0.4841499266060365,0.7222222222222222,0.13678673537053343,1,1,0,0,0,0,1,1,1,0
1,0.6638648404416325,0.3759166944651804,0.45,0.09629683983954603,1,1,1,0,0,0,0,1,1,0
1,0.6906021414278545,0.37325196287877227,0.5055555555555555,0.09476133015904074,0,1,1,0,0,0,0,1,1,0
1,0.570737017502067,0.24806139459535337,0.3,0.06585705899618433,1,1,0,0,1,1,0,1,1,0
1,0.9645944449228983,0.646298994353083,1.6666666666666667,0.23952320386133125,0,1,0,1,0,0,1,1,1,0
1,0.7245608792977403,0.4246161428361146,0.5861111111111111,0.11201067518942481,1,1,1,0,0,0,0,1,0,0
1,0.6168273582550705,0.34550209007037735,0.36666666666666664,0.08807031275478588,1,0,1,0,0,1,1,1,1,0
0,0.7707501567191526,0.4489620957424252,0.7166666666666667,0.12046684929719857,1,1,0,0,1,0,0,0,0,1
1,0.594936375845833,0.2806774200199833,0.3333333333333333,0.07217574927436976,1,1,1,0,0,1,0,1,0,0
1,0.471138866068768,0.20798282014836134,0.19444444444444445,0.060005815912772174,1,0,1,0,0,0,0,1,0,1
0,0.6006078114570521,0.34974555062185586,0.3416666666666667,0.08959902814466947,1,1,0,0,0,0,0,0,0,0
0,0.0,0.12417498507482772,0.025,0.05039868897368163,0,0,1,0,0,0,0,1,0,1
0,0.5620687634111867,0.3198228689712661,0.28888888888888886,0.08205057126395547,1,1,1,0,0,0,0,0,0,1
1,0.6955954135632305,0.3168144849298422,0.5166666666666667,0.0784944395525552,1,1,0,1,0,0,0,1,0,1
0,0.6680792976238015,0.3763328494617715,0.4583333333333333,0.09632945243453021,1,1,1,0,0,0,0,0,0,1
1,0.785406478907134,0.6075187844808314,0.7638888888888888,0.2161005663720662,1,1,0,0,1,0,0,1,0,1
0,0.696826952557579,0.41744966787403537,0.38958333333333334,0.11163800834882431,1,1,0,0,1,1,0,1,1,0
0,0.6461883152145642,0.37017111170062544,0.4166666666666667,0.09487003880898802,1,1,0,0,0,0,0,1,1,0
1,0.570737017502067,0.2284874510326047,1.2857142857142858,0.05016981844102478,1,1,0,0,1,0,0,1,0,1
0,0.6236840307796105,0.3229827555867095,0.37777777777777777,0.08178287621346031,1,1,1,0,0,0,0,0,1,0
1,0.5749514746842359,0.35259021859333894,0.3055555555555556,0.09087227820717694,1,0,1,0,0,0,0,1,0,1
1,0.5686004302607814,0.2541338019242876,0.2972222222222222,0.06707731359184249,1,1,0,1,0,0,0,1,0,0
1,0.6624426595995228,0.35798016566155577,0.44722222222222224,0.0907418278272402,1,0,1,0,0,0,0,1,0,1
1,0.7179349927403844,0.3753101299670998,0.5694444444444444,0.0946403917859744,1,1,0,0,1,0,0,1,1,0
0,0.5288611339312321,0.7964324876480549,0.25,0.45483563252127973,1,0,1,0,0,0,0,1,0,1
1,0.31840612970833393,0.19522251662747148,0.1,0.05911848155757753,0,1,1,0,0,0,0,1,1,0
0,0.4395297853975879,0.06584240522058837,0.16944444444444445,0.04254177129874224,1,1,0,1,0,0,0,1,0,0
0,0.639980329949992,0.2935102905761606,0.40555555555555556,0.0741909358727674,1,1,0,1,0,0,0,0,0,0
0,0.6776223337795866,0.40202178120915133,2.0476190476190474,0.08564940994497788,1,1,0,1,0,0,0,1,0,0
1,0.5620687634111867,0.24177171817351506,0.28888888888888886,0.0647944319429497,1,1,1,0,0,0,0,1,0,1
1,0.471138866068768,0.10088062135278486,0.19444444444444445,0.04572149930970007,0,0,1,0,0,1,0,1,1,0
1,0.5388488584585689,0.29592598010253623,0.2611111111111111,0.07652001869788778,1,0,1,0,0,0,0,1,1,0
0,0.5664437808740357,0.158078003847818,0.29444444444444445,0.05135940166759069,1,1,0,0,1,0,1,0,1,0
1,0.4198869267000368,0.3705583156433161,0.3111111111111111,0.09628325125830262,1,1,1,0,0,0,0,1,1,0
0,0.7179349927403844,0.3539176891221818,0.8541666666666666,0.08455426735805367,1,1,0,0,1,0,1,1,1,0
1,0.7991833948041589,0.4642253196339683,0.8111111111111111,0.12613600539194902,1,0,0,0,0,0,1,1,1,0
1,0.6335998787699315,0.39775892707433935,0.7888888888888889,0.09952684560110447,1,1,1,0,0,0,0,1,0,0
1,0.7725237676340848,0.5992500353282033,0.7222222222222222,0.20993270934568264,1,1,1,0,0,0,1,1,0,1
1,0.5749514746842359,0.24268005937590398,0.3055555555555556,0.06476181934796552,1,0,1,0,0,1,0,1,0,0
0,0.696826952557579,0.4054070293262051,0.5194444444444445,0.10556153453130265,1,1,0,0,1,1,1,1,0,0
0,0.5236995353155047,0.1807753017277962,0.24444444444444444,0.05516284555762102,1,0,1,0,0,0,0,0,1,0
1,0.688064198785399,0.479803023577525,0.5,0.13735202035025929,1,1,1,0,0,0,1,1,0,0
1,0.702887501331269,0.34464462325119816,0.5333333333333333,0.0857874311058931,1,1,0,0,1,0,0,1,0,1
0,0.8407969351458329,0.8374534923674581,1.9444444444444444,0.5125055713183098,0,0,0,0,0,0,0,1,0,1
1,0.6537195299923957,0.3405743730973898,0.4305555555555556,0.08589478089771603,1,1,1,0,0,1,0,1,0,0
1,0.609759678391703,0.3413154428820475,0.35555555555555557,0.08701991542467033,1,1,0,0,0,0,0,1,0,1
1,0.6776223337795866,0.4246161428361146,0.4777777777777778,0.11333556186065726,1,0,1,0,0,0,0,1,0,0
1,0.9208737203319985,0.525982048042539,1.3777777777777778,0.15152898716150842,0,1,0,1,0,0,0,1,1,0
0,0.609759678391703,0.36205731660878926,0.7111111111111111,0.08874974181695637,1,1,1,0,0,1,0,1,0,1
1,0.6789538243036042,0.34974555062185586,0.48055555555555557,0.08790045548924327,1,1,0,1,0,0,0,1,1,0
1,0.6566642045848798,0.32767141785820963,0.4361111111111111,0.08230467773320722,1,1,0,0,1,1,0,1,0,0
1,0.570737017502067,0.3175340807492273,0.3,0.08132765874180609,1,1,1,0,0,0,0,1,0,0
1,0.4743968139157646,0.17343773115002037,0.19722222222222222,0.05467637434910696,0,0,1,0,0,0,0,1,0,0
1,0.3426054880521002,0.25975910385947176,0.2222222222222222,0.06911967735272695,1,1,0,0,0,0,0,1,0,0
1,0.7662552682149908,0.43482805522586543,0.7027777777777777,0.11468083140375479,1,1,0,1,0,0,0,1,0,1
1,0.696826952557579,0.4120421001836394,0.5194444444444445,0.10800747915511637,1,1,0,0,1,0,0,1,0,1
0,0.6185608115560952,0.2870413977452333,0.36944444444444446,0.07315276826577091,0,0,1,0,0,0,1,0,1,0
